{
  "WETH-USDC": {
    "success_rate": 0.8653145277906005,
    "total_profit_usd": 197.97889930688552,
    "total_trades": 24,
    "avg_profit_per_trade": 2.3903001918022313
  },
  "WETH-USDbC": {
    "success_rate": 0.9290678698043076,
    "total_profit_usd": 122.76468455711343,
    "total_trades": 19,
    "avg_profit_per_trade": 3.0969115539352425
  },
  "USDC-USDbC": {
    "success_rate": 0.7471275532452726,
    "total_profit_usd": 21.13290552252834,
    "total_trades": 48,
    "avg_profit_per_trade": 3.496385233567788
  },
  "WETH-cbETH": {
    "success_rate": 0.8014085656468155,
    "total_profit_usd": 295.4009143365223,
    "total_trades": 46,
    "avg_profit_per_trade": 2.4669992895077177
  },
  "WETH-wstETH": {
    "success_rate": 0.8529397837715292,
    "total_profit_usd": 100.99123948432204,
    "total_trades": 17,
    "avg_profit_per_trade": 1.7409508379985252
  }
}